{"cameraMode":{"drawMode":0,"name":"Shaded","section":"Shading Mode"},"sceneLighting":true,"audioPlay":false,"sceneViewState":{"m_AlwaysRefresh":false,"showFog":true,"showSkybox":true,"showFlares":true,"showImageEffects":true,"showParticleSystems":true,"showVisualEffectGraphs":true,"m_FxEnabled":true},"in2DMode":false,"pivot":{"x":-17.302413940429689,"y":-2.0715603828430177,"z":57.449214935302737},"rotation":{"x":-0.08145167678594589,"y":0.21010318398475648,"z":-0.017499716952443124,"w":-0.9741805791854858},"size":21.32438087463379,"orthographic":false}